,ID,ë‚´ìš©,ë‚ ì§œ,ë³„ì 
0,ì´ì°½í•´,"ìš´ë™ í›„ì— ì§€ë‚˜ë‹¤ê°€ ì¶œìž…ë¬¸ ìª½ì„ ìš°ì—°ížˆ ë´¤ëŠ”ë° ë¸”ë£¨ë¦¬ë³¸ì´ ë§ë„ ì•ˆë˜ê²Œ ë§Žì€ ì§‘ì´ì—ˆì–´ì„œ ê¶ê¸ˆí•œ ë§ˆìŒì— ë“¤ì–´ê°”ë˜ ê³³.

ì¼ë‹¨ ì „ ì§ì›ë“¤ì˜ ì¹œì ˆí•¨ì— 1000ì  ë“œë¦½ë‹ˆë‹¤.
ì¡°ê°ì¼€ìµê³¼ ë² ì´ì»¤ë¦¬ë“¤ì— ëˆˆì´ ë¹¼ì•—ê²¨ ë‚´ë¶€ ì¸í…Œë¦¬ì–´ëŠ” ì‚¬ì§„ìœ¼ë¡œ ëª» ë‚¨ê²¼ë„¤ìš”.

ì œì¼ ìž˜ë‚˜ê°€ëŠ” í’ˆëª© ì¤‘ ë°€í‘€ìœ  ë§ì°¨, êµ¬ë¦„ë‘¥ë‘¥ì´ ëˆˆì— ìœ ë… ë“¤ì–´ì™€ì„œ ì´ ë‘ ì œí’ˆì„ ë¨¹ì–´ë³´ì•˜ìŠµë‹ˆë‹¤.

êµ¬ë¦„ë‘¥ë‘¥ì€ ì¼ë‹¨ ê²‰ì´ ìƒí¬ë¦¼ì´ ë°œë¼ì ¸ìžˆìŠµë‹ˆë‹¤. ë§›ê³¼ í–¥ì„ í‘œí˜„í•˜ìžë©´ ìš°ìœ  ë³¸ì—°ì˜ ëŠë‚Œì´ í’ë¶€í•œ í¬ë¦¼ì´ëž€ í‘œí˜„ì´ ë§žì„ ê²ƒ ê°™ìŠµë‹ˆë‹¤. ë„ˆë¬´ ë‹¬ì§€ì•Šê²Œ ë§Œë“¤ì—ˆê³  ì¼€ìžŒì´ ìž…ì•ˆì— ë“¤ì–´ì™”ì„ ë•Œ ìš°ìœ ì˜ í’ë¯¸ê°€ ìž…ì— ê°€ë“í•©ë‹ˆë‹¤. ë¹µì˜ ë¶€ë“œëŸ¬ì›€ì€ ë¤. ë¹µ ì†ì—ë„ ë¬´ì–¸ê°€ ë“¤ì–´ìžˆì—ˆëŠ”ë° í›„íë¦… ìž…ì†ìœ¼ë¡œ ì‚¬ë¼ì ¸ì„œ ë¬´ì—‡ì´ì—ˆëŠ”ì§€ ðŸ¤ªðŸ˜

ë°€í‘€ìœ ë§ì°¨ëŠ” í”Œë¡œëž‘íƒ±ëŠë‚Œì˜ ë°”ì‚­í•œ ë¹„ìŠ¤í‚· 3ë‹¨ ì¸µì‚¬ì´ë¡œ ë§ì°¨ìƒí¬ë¦¼ê³¼ ì‚°ë”¸ê¸°ìž¼?ì´ ì¡°ê¸ˆ ì„žì—¬ìžˆìŠµë‹ˆë‹¤.
ì¼ë‹¨ ì´ ë¹„ìŠ¤ì¼“ì€ ì •ë§ ì—¬ëŸ¬ê²¹ì—ì„œ ë§ë„ì•ˆë˜ëŠ” ë°”ì‚­í•¨ì´ ìœ ì§€ë˜ì–´ ìžˆì–´ ìž…ì•ˆì—ì„œì˜ ì¦ê±°ì›€ì´ ë°°ê°€ ë©ë‹ˆë‹¤. ì¶”ì²œ

í˜¹ì‹œë‚˜ ë‹¬ì§€ ì•Šì„ê¹Œ ì‹¶ì–´ ì•„ë©”ë¦¬ì¹´ë…¸ë¥¼ ì‹œì¼°ëŠ”ë° ë‹¤ë¥¸ ìŒë£Œì™€ ë¨¹ì–´ë„ ë¶€ë‹´ì—†ëŠ” ë‹¬ë‹¬í•¨ì´ë¼ ê°•í•œë‹¨ë§›ì„ ì¢‹ì•„í•˜ì§€ ì•ŠëŠ” ë¶„ê»˜ ìµœì ì˜ ìž¥ì†Œë¼ í•  ìˆ˜ ìžˆìŠµë‹ˆë‹¤.",1ì£¼ ì „,5
1,í† ê¹½ë¯¼,"ë§ˆë¦¬ì•„ì£¼í”Œë ˆë¥´ í‹° ì‹œì¼°ëŠ”ë° 7,000ì› ê°€ê²© ë‚«ë°· ì¹˜ëŠ” ë‹¹ê·¼ë¹ ë”° ë§›ìžˆìŒ
ê·¼ë° ë°€í¬í‹° ë¹„ì¶”ìž…ë‹ˆë‹¤,, ì–‘ë„ ì êµ¬ ë§›ë„.. 9ì²œì›ì¸ë”” ë„ˆë¬´ë„ˆë¬´ë„ˆë¬´ ë„ˆì–´ë¬´ ë‹¬ê³  ë§›ì´ ..ì—†ì–´ìœ ã… ã…¡ã…œ
ì§„ì§œ ìµœê·¼ ë¨¹ì–´ë³¸ ë°€í¬í‹°ì¤‘ì— ì ¤ ë‹¬ì–´
ê·¼ë° ì¼€ìžŒì€ ë§›ìžˆìŒã…‡ã……ã…‡
2ì¸µìžë¦¬ê°€ ìƒê°ë³´ë‹¤ ë„“ì–´ì„œ ì¢‹ìŠ´ë‹¤",2ë‹¬ ì „,3
2,ì²œìž¬ë¯¸ì†Œë…€,"ì‚¬ì§„ í•˜ë‚˜ëŠ” ê¸°ê°€ë§‰ížˆê²Œ ë‚˜ì™€ìš”. ê³±ë‹¤ ê³±ë‹¤~

ê·¼ë°,, ë§›ì€ ë„ˆë¬´ ê¸°ëŒ€í–ˆë‚˜ë´…ë‹ˆë‹¤.

ì•„ ì¹´ë¼ë©œì†Œê¸ˆì¼€ìµì€ ê± ì˜ì˜~
ì†”í‹°í•œ ë§›ì´ëž‘ ì¹´ë¼ë©œ ë§›ì´ëž‘ ë‘˜ì´ ì‹œë„ˆì§€ íŒ¡íŒ¡ ë‚ ì¤„ ì•Œì•˜ëŠ”ë° ìƒê°ë³´ë‹¤ëŠ” ì‹¬ì‹¬í•©ë‹ˆë‹¤. ë§›ì´ ì—†ì—ˆë˜ê±´ ì•„ë‹ˆì—ˆëŠ”ë° ë§‰ ê·¸ë ‡ê²Œ ë§›ì´ ìžˆëŠ”ê²ƒë„ ì•„ë‹ˆê³  í‰íƒ€

ê·¼ë° ë¬¸ì œëŠ” ìˆœìš°ìœ ë¡¤? ì´ê²Œ ë„ˆë¬´ ë§›ì´ ì—†ì–´ìš”ã… 
ì‹œíŠ¸ë„ ë»‘ë»‘í•˜ê³  ì´ê±´ ë¬´ìŠ¨ ê³ ê¸‰ìŠ¤ëŸ¬ìš´ ë§›ì´ ì—†ë„¤ìš”.
ê°€ê²©ë“¤ì´ ë‹¤ë“¤ 6500ì›ì´ë‚˜ í•˜ëŠ”ë°.
ì €ë§Œí¼ ì‹œí‚¤ëŠ”ë° 32000ì› ì •ë„ ë‚˜ì™”ëŠ”ë°, ë°¥ë³´ë‹¤ ë¹„ì‹¼ ë””ì €íŠ¸ ë¨¹ê³ 
ë”±ížˆ ê°í¥ì´ ì—†ì–´ì„œ ë„ˆë¬´ ì†ìƒí–ˆìŒ.ã…œã…œ",5ë‹¬ ì „,3
3,ê¹€ê¸ˆí¬,"ì–¸ì œ ê°€ë„ ë§›ìžˆëŠ” ê³³ ðŸ˜ ë”¸ê¸°ìƒí¬ë¦¼ ì¼€ì´í¬ëŠ” ì§„ì§œ ì–¸ì œ ë¨¹ì–´ë„ ìž…ì—ì„œ ë…¹ë„¤ìš” ì–´ë–»ê²Œ ì´ë ‡ê²Œ ë¶€ë“œëŸ½ì£ ..? ê°ˆë•Œë§ˆë‹¤ ì¶©ë™êµ¬ë§¤+í……ìž¥ í•˜ê³ ì˜¤ê²Œ ë˜ë„¤ìš” ã…‹ã…‹ã…‹ ë‹¨ì ì´ë¼ë©´ ì£¼ì°¨ê³µê°„ ì¢ê³ , í™”ìž¥ì‹¤ì´ ë‚¨ë…€ ê³µìš©ì´ì§€ë§Œ... ì¸í…Œë¦¬ì–´ë©° ë§›ì´ë©° ì•„ì£¼ í›Œë¥­í•©ë‹ˆë‹¹ðŸ‘ðŸ‘",6ë‹¬ ì „,5
4,ë‚œí­ìžì˜¤ì†Œë¦¬,ë°¸ëŸ°ìŠ¤ê°€ ìž˜ ìž¡ížŒ ì¼€ìžŒì„ íŒë§¤í•˜ëŠ” ê³³ìž…ë‹ˆë‹¤. ê·¸ëŸ°ë° ëª¨ì–‘ìƒˆì— ë¹„í•´ì„œ ê¸°ëŒ€ì¹˜ê¹Œì§€ ë‹¤ ë¯¸ì¹˜ì§€ëŠ” ëª»í•˜ëŠ” ì•„ì‰¬ì›€ì´ ì¢€ ìžˆì§€ìš”. í•˜ì§€ë§Œ ê·¸ë ‡ë‹¤ê³  ë§›ì´ ë‚˜ìœ ê±´ ì ˆëŒ€ ì•„ë‹™ë‹ˆë‹¤. ë‹¨ì§€ ê¸°ëŒ€ì¹˜ê°€ ì¢€ ë†’ë‹¤ë©´ ì‹¤ë§í•œë‹¤ëŠ” ê²ƒì¼ë¿.,3ë‹¬ ì „,4
5,ì™„ì‚¬ë§ˆ ì–´ë“œë²¤ì³,"ëŒ€í‘œ ë©”ë‰´ì¸ ì¹´ë¼ë©œ ì†Œê¸ˆ ì¼€ìžŒ.
ë‹¨ì§  ë°¸ëŸ°ìŠ¤ê°€ ì¢‹ì•˜ë‹¤. ë§›ìžˆì—ˆë‹¤.

ê°€ê²©ì€ ì¢€ ìŽ„ë‹¤..",3ë‹¬ ì „,5
6,Hana Hyun,ë””ì €íŠ¸ì˜ ìƒê¹€ìƒˆì™€ ì´ë¦„ì´ ì •ë§ ê·€ì—¬ì›Œìš”. ê¸°ëŒ€ì¹˜ê°€ ë†’ì•„ì ¸ì„œ ë§›ì€ ê¸°ëŒ€ ì´í•˜ì˜€ìŠµë‹ˆë‹¤. ìŒë£Œì˜ ë§›ì€ ì¢‹ì•˜ìŠµë‹ˆë‹¤. 2ì¸µì˜ ê³µê°„ì´ ì˜ˆì˜ê³  í…Œì´ë¸”ê°„ ê±°ë¦¬ê°€ ìžˆëŠ”íŽ¸ì´ë¼ ì¾Œì í–ˆìŠµë‹ˆë‹¤.,2ë…„ ì „,4
7,Nana E.,ì˜ˆë»ìš”. í‹°ë£¸ë„ ì´ì¸µìœ¼ë¡œ ëŠ˜ì–´ë‚˜ì„œ (ì˜ˆì „ì—” ì¼ì¸µë§Œ ìžˆì•˜ë˜ê²ƒ ê°™ì€ë°) ìžë¦¬ë„ íŽ¸ì•ˆí–ˆì–´ìš”. ì¸í…Œë¦¬ì–´ ì´ì˜ê³  ë””ì €íŠ¸ë„ ì´ë»ìš”. ë§›ì€ ë³´í†µ. í‹°ë¥¼ ì‹œì¼œë„ í‹°íŒŸì— ì£¼ì§€ ì•Šì€ê²Œ ì•„ì‰¬ì›Œìš”.,2ë…„ ì „,4
8,Scarlet JEONG,"2020/11/15 ë°©ë¬¸

2ì¸µì¢Œì„ê¹Œì§€ ë„“ê²Œ ìžˆìŒ!
ìœ ëª…í•œ ì†Œê¸ˆìº¬ë¼ë©œ ì¼€ì´í¬ëŠ” ë”± ì˜ˆìƒí•  ìˆ˜ ìžˆëŠ” ê·¸ëŸ° ë§›ìž…ë‹ˆë‹¤. ðŸ¥§ðŸ§ðŸ°ðŸŽ‚ðŸ¥
íƒ€ë¥´íŠ¸ë‚˜ ì¼€ì´í¬, ë² ì´ì»¤ë¦¬ ë©”ë‰´ë“¤ì€ ë‘ìžë¯¸ ë§Œì˜ íŠ¹ë³„í•œ ê±´ ì—†ëŠ”ê²ƒ ê°™ì•„ìš”. ë‹¤ ì˜ˆìƒí•  ìˆ˜ ìžˆëŠ” ê·¸ëŸ° ë¬´ë‚œí•œ ë§›ë“¤ì´ ë§Žì€ê±° ê°™ì•„ìš”(ex.ë”¸ê¸° íƒ€ë¥´íŠ¸/ì¼€ì´í¬, ë ˆëª¬ íƒ€ë¥´íŠ¸, ë§ì°¨ ë°€í‘€ìœ  ë“±ë“±)
ì• ë§¤í•œ ì‹œê°„ëŒ€ì—ë„ ì‚¬ëžŒì€ ì—„ì²­ ë§Žì•˜ì–´ìš”.

ê¸°ë³¸ì— ì¶©ì‹¤í•œ ë””ì €íŠ¸ì§‘ì¸ë“¯ í•˜ì§€ë§Œ ê·¸ë‹¤ì§€ í° ê°í¥ì´ ì—†ì–´ì„œ ë³„ 3.5ê°œìš”!",6ë‹¬ ì „,4
9,Rainbow,"íŽ¸í•˜ê²Œ ì°¨í•œìž”ë§ˆì‹œë©° ì•‰ì•„ìžˆê¸°ì¢‹ì€ìž¥ì†Œìž…ë‹ˆë‹¤.
ë””ì €íŠ¸ë¥˜ê°€ ë„ˆë¬´ë‹¬ì§€ì•Šì•„ ì¢‹ì•˜ì–´ìš”.1ì¸µ2ì¸µìœ¼ë¡œ ì¢Œì„ì´ ì•½ê°„ ë„ˆë¬´ë¶™ì€ ëŠë‚Œì´ë“¤ì—ˆë„¤ìš”.ë¬´ë‚œí•©ë‹ˆë‹¤.",2ë…„ ì „,4
10,ì •ì •ìš´,ë‚˜ëŠ” 6ì²œì› ì´ìƒì˜ ì»¤í”¼ëŠ” ë¬´ì¡°ê±´ ìŠ¤íƒ€ë²…ìŠ¤ì™€ ë‹¤ë¥¸ ê°œì„±ìžˆëŠ” í’ë¯¸ì™€ ë§›ì´ ìžˆì–´ì•¼ í•œë‹¤ê³  ìƒê°í•œë‹¤. ê·¸ ì ì—ì„œ ì´ ì§‘ì€ ë°˜ì€ ë§žê³  ë°˜ì€ í‹€ë¦¬ë‹¤. ì‹±ê¸€ì˜¤ë¦¬ì§„ì˜ í•œ ìž… ê°€ë“ ëœìž¥ë‚´ìŒì€ ë‚˜ì—ê²Œ ìƒˆë¡œìš´ í–¥ì„ ë³´ì—¬ì£¼ì—ˆê³  ê·¸ë¡œ ì¸í•´ ìŠ¤íƒ€ë²…ìŠ¤ ì»¤í”¼ë¥¼ ì•‰ì•„ì„œ ë¨¹ë˜ 2ì£¼ ì „ì„ ì• íƒ€ê²Œ ê·¸ë¦¬ì›Œí•˜ê²Œ ë˜ì—ˆë‹¤.,8ë‹¬ ì „,1
11,ì´ìœ ì§„,ì¼€ì´í¬ê°€ ì •ë§ ë§›ìžˆì–´ìš”! ëŠë¼í•˜ì§€ë„ ë¬´ì§€í•˜ê²Œ ë‹¬ì§€ë„ ì•Šì€ ê· í˜• ìž¡ížŒ ë§›â™¥ ì¹´íŽ˜ ìžë¦¬ë„ ë„‰ë„‰í•´ì„œ ì¢‹ì€ ì‹œê°„ ë³´ë‚´ë‹¤ ì™”ë„¤ìš”.,6ë‹¬ ì „,5
12,ìš©ì‰Life,"ë¹„ì‹¸ì§€ë§Œ ë§›ìžˆìŒ
í¬ê¸°ëŠ” ì°¸ ìž‘ì•„ì„œ ë§ˆìŒë§Œ ë¨¹ìœ¼ë©´ í•œìž…ì— ë¨¹ì„ê°
ì¡°ê°ë‹¹ 6000~8000ì›ìœ¼ë¡œ ì‹¸ì§€ ì•ŠìŒ

ë¹Œë¦¬ì•¤ì ¤ ê°™ì€ê³³ ê°ˆë°”ì—” í›¨ì”¬ë§›ìžˆìŒ
ê°œì¸ì ìœ¼ë¡  ì„œëž˜ë§ˆì„ ë§ˆì–˜ê°€ ë” ì·¨í–¥ì´ê¸´í•¨

ëŠë¼í•˜ì§€ ì•Šê³  ìƒì½¤í•¨
ë¨¹ìœ¼ë©´ ë˜ ìƒê°ë‚¨",2ë…„ ì „,4
13,SIRI BTS LOVER,ê°€ê²©ê¹¡íŒ¨>< ì»¤í”¼ì–‘ìž‘ê³  ë¬´ë‚œí•˜ê²Œ ë§›ìžˆê±° ë¹„ì‹¼ ê°€ë¡œìˆ˜ê¸¸ ì¹´íŽ˜ . ë‹¤ë¥¸ì¹´íŽ˜ë“¤ë³´ë‹¤ ì ‘ê·¼ì„±ì´ ìš©ì´í•´ì„œ ìžì£¼ê°€ëŠ” ë“¯ ~,8ë‹¬ ì „,4
14,big joe,ëª…ì„±ì— ë¹„í•´ ê·¸ë‹¥ íŠ¹ë³„í•¨ì€ ëª» ëŠê¼ˆì§€ë§Œ ì¾Œì í•œíŽ¸ìž…ë‹ˆë‹¤.,1ë…„ ì „,3
15,SuIn Park,ë„ˆë¬´ ë‹¬ì§€ë„ ì•Šê³  ì •ë§ ë§›ìžˆëŠ” ë””ì €íŠ¸!!! ë§¤ìž¥ ë¶„ìœ„ê¸°ë„ ì¢‹ê³  ë””ì €íŠ¸ í•˜ë‚˜í•˜ë‚˜ êµ‰ìž¥ížˆ ì‹ ê²½ì¨ì„œ ë§Œë“  ê²ƒ ê°™ì€ ëŠë‚Œì´ ë“¤ ì •ë„ë¡œ ê¹”ë”í•˜ê³  ì •ê°ˆí•˜ë‹¤. ê°€ê²©ì´ ì•„ê¹ì§€ ì•Šì„ ì •ë„ë¡œ ë§Œì¡±í• ë§Œí•œ ë””ì €íŠ¸ë¥¼ ë¨¹ì„ ìˆ˜ ìžˆëŠ” ê³³.,1ë…„ ì „,5
16,ê¹€í˜•ì¤€,"ìƒ¹ì†¡ì´ ë‚˜ì˜¤ëŠ” ë¶„ìœ„ê¸°ìžˆëŠ” ì¹´íŽ˜. ë”¸ê¸°ë¼ë–¼ 7000ì›, ì•„ì¸ìŠˆíŒ¨ë„ˆ 6500ì›ìœ¼ë¡œ ê°€ê²©ì€ ì¢€ ìžˆëŠ”íŽ¸ìž„. ì•„ì¸ìŠˆíŒ¨ë„ˆëŠ” í¬ë¦¼ ë¶€ë“œëŸ½ê³  ë§›ìžˆì—ˆìŒ.",2ë…„ ì „,3
17,ALEX SEOWOO,"ì¼€ì´í¬ê°€ ë§›ìžˆëŠ”ê³³. ìŒë£ŒëŠ” ë³´í†µ. ìº¬ë¼ë©œ ì†Œê¸ˆ ì¼€ì´í¬, ì‚°ë”¸ê¸° ë§ì°¨ ì¼€ì´í¬, ë”¸ê¸° ìƒí¬ë¦¼ ì¼€ì´í¬ ë“±ë“± ë§Žì€ ì¢…ë¥˜ê°€ ìžˆë‹¤. ê°€ë¡œìˆ˜ê¸¸ì¹˜ê³ ëŠ” ê°€ê²©ëŒ€ê°€ ë‚˜ì˜ì§€ ì•Šì€ íŽ¸.",2ë…„ ì „,4
18,ë‚˜ì§€í˜„,"ì†Œê¸ˆì¼€ì´í¬ê°€ ìœ ëª…í•˜ëŒ€ì„œ ì‹ ê¸°í•´ì„œ ë°©ë¬¸í–ˆì–´ìš”! ì¼€ì´í¬ëŠ” ë§›ìžˆì—ˆìŠµë‹ˆë‹¤. ìº¬ë¼ë©œ ì†Œê¸ˆì¼€ì´í¬ì™€ ë”¸ê¸°íƒ€ë¥´íŠ¸ ë¨¹ì—ˆëŠ”ë° ë§›ìžˆì—ˆì–´ìš” ë‹¬ë©´ì„œ ì¢€ì§œìš” ì „ ë‹¨ê±°ë¥¼ ë³„ë¡œ ì¢‹ì•„í•˜ì§€ì•Šì•„ì„œ ì¹´ë¼ë©œì†Œê¸ˆì¼€ì´í¬ëŠ” í•œìž… ë¨¹ê³  ë§ì•˜ì§€ë§Œ ë‹¨ê±° ì¢‹ì•„í•˜ì‹œëŠ”ë¶„ë“¤ì€ ì¢‹ì•„í•˜ì‹¤ê²ƒê°™ì•„ìš”.
ê°€ê²©ëŒ€ëŠ” ë³´í†µ ëŒ€ë¹„ ë¹„ì‹¼íŽ¸ì´ì—ìš”(ì €ëŠ” ìŠ¤ë²…ë§ˆë‹ˆì•„ë‹ˆê¹Œ ìŠ¤ë²…ê¸°ì¤€!) ìœ„ì¹˜ê°€ ì••êµ¬ì •ì´ë¼ì„œ ê·¸ëŸ° ê²ƒ ê°™ì•„ìš”. ì¼€ì´í¬ê°€ ì¡°ê·¸ë§Œë° 6500~8500ì›ëŒ€ì´ê³ , ìŒë£Œë¥˜ë„ ì‚¬ì´ì¦ˆëŠ” ìž‘ì€ë° ë¹„ì‹¼íŽ¸ìž…ë‹ˆë‹¤. (ì´ˆì½”ë¯¼íŠ¸?ì˜€ë‚˜ ì¹œêµ¬ê°€ ì‹œí‚¨ê²Œ ìž‘ì€ì»µìœ¼ë¡œ ë‚˜ì˜¤ëŠ”ë° 9000ì›í–ˆê³ , ì§„í•œ ì•„ë©”ë¦¬ì¹´ë…¸(2ìƒ·)ê°€ 6500ì›ì´ì—ìš”. ê·¸ëƒ¥ ì•„ë©”ë¦¬ì¹´ë…¸ëŠ” 5500ì›ì´êµ¬ìš”. (1ìƒ·ì— 1000ì› ìˆ˜ì¤€) ì»µì‚¬ì´ì¦ˆë„ ìž‘ì•„ì„œë¦¬.. ì§€ì—­ê°’ì´ë¼ ìƒê°í•˜ê³ ã…Žã…Ž",2ë…„ ì „,4
19,ë¯¼ë“¤ë ˆ,"ì¼€ì´í¬ëŠ” ê·¸ëŸ­ì €ëŸ­ ê´œì°®ë‹¤ê³  ë§í•  ìˆ˜ì¤€..?
ë§›ì€ ìžˆëŠ”ë° ë„ˆë¬´ ë§Žì´ ê¸°ëŒ€í•˜ê³  ê°€ì„œì¸ì§€ ê¸°ëŒ€ì— ë¶€ì‘í•  ì •ë„ëŠ” ì•„ë‹ˆì—ˆì–´ìš”
ë˜ ìŒë£Œê°€ ë„ˆë¬´ ë¹„ì‹¸ì§€ ì•Šë‚˜ ì‹¶ë„¤ìš”
ì•„ë©”ë¦¬ì¹´ë…¸ê°€ 5500ì›ì´ë¼ë‹ˆ.. ê°•ë‚¨ í•œë³µíŒì´ë¼ ì–´ì©” ìˆ˜ ì—†ëŠ”ê±°ê² ì£ ã… ã… ",7ë‹¬ ì „,3
20,ìœ ì •í˜„,"ê°€ì„ì— ë°©ë¬¸í•œ ê³³ìœ¼ë¡œ ì¼ì¸µì€ ë¬¸ì„ ì—´ì–´ë‘ì–´ ê·¸ë‚˜ë§ˆ ê³µê¸° ìˆœí™˜ì´ ìž˜ ë˜ì—ˆìœ¼ë‚˜, 2ì¸µì€ ì°½ë¬¸í•˜ë‚˜ ì—´ë ¤ ìžˆì§€ ì•Šìœ¼ë©° ì‚¬ëžŒë“¤ì€ ë§Žì•„ ê³µê¸°ìˆœí™˜ì´ ì „í˜€ ì•ˆë˜ì–´ ë‹µë‹µí•œ ê³µê°„ìœ¼ë¡œ ì´ìš©ì´ ë¨ì— ì•„ì‰¬ì› ìŠµë‹ˆë‹¤.

ì˜ìžê°€ íŽ¸í•œ í…Œì´ë¸”ì€ ëª‡ ì—†ìœ¼ë©°,
ëŒ€ë¶€ë¶„ì´ ë”±ë”±í•œ ì˜ìžë¥¼ ì‚¬ìš© í•˜ê³  ìžˆì—ˆìŠµë‹ˆë‹¤.

ë˜í•œ ì£¼ë§ë°©ë¬¸ì´ë¼ ì†ë‹˜ì´ ë§Žì€ íƒ“ì´ì—¬ ê·¸ëŸ°ì§€
í™”ìž¥ì‹¤, ë§¤ìž¥ë°”ë‹¥, í…Œì´ë¸”ì •ë¦¬ìž¥ì†Œ ë“±
ì²­ê²°ìƒíƒœëŠ” ì—‰ë§ì´ì˜€ìŠµë‹ˆë‹¤.

ê·¸ëž˜ë„ ìž ì‹œ ë‹´ì†Œë‚˜ëˆ„ë©° ë¨¸ë¬¼ë‹¤ê°ˆ ìž¥ì†Œë¡œëŠ”
ê·¸ëŸ¬ì €ëŸ­ ë‹¤ë…€ê°ˆë§Œì€ í•©ë‹ˆë‹¤.

ë””ì €íŠ¸ë¡œëŠ” ë”¸ê¸°ì¼€ì´í¬ë¥¼ ë“œì…”ë³´ì‹œê¸¸.",2ë…„ ì „,3
21,HG Yang,"ë™íƒ„ ì‚¬ëŠ”ë°, ê·¼ì²˜ì— ë³¼ì¼ì´ ìžˆì–´ì„œ ì§€ë‚˜ê°€ëŠ” ê¸¸ì— ì•„ë“¤ ìƒì¼ì´ê¸°ë„ í•´ì„œ í™€ì¼€ì´í¬ í•˜ë‚˜ ìƒ€ìŒ.
ë§› ìžì²´ëŠ” ë‚˜ì˜ì§€ ì•Šì•˜ìœ¼ë‚˜, ê°€ì„±ë¹„ê°€ ë›°ì–´ë‚œ ê²ƒë„ ì•„ë‹ˆê³  ë¨¼ê³³ì—ì„œ ì°¾ì•„ê°ˆ ë§Œí¼ì˜ ë§›ë„ ì•„ë‹˜.
ê°€ê¹Œìš´ ê³³ì— ì‚¬ëŠ” ì£¼ë¯¼ì´ë¼ë©´ ë“¤ë¦´ë§Œ í•¨.
í™”ì„±ì´ë‚˜ ìˆ˜ì› ì¸ê·¼ì— ì‚¬ì‹œëŠ” ë¶„ì´ë¼ë©´ 'í™ì¢…í” ë² ì´ì»¤ë¦¬'ë‚˜'ì—íŠ¸ë¥´'ë¥¼ ì¶”ì²œ

ê°€ìž¥ ì‹¤ë§ìŠ¤ëŸ¬ì› ë˜ ì ì€ í™€ì¼€ì´í¬ë¥¼ íŒ”ë©´ì„œ ì¼€ìµ ë°”ë‹¥ì— ìœ„ì¹˜ë¥¼ ìž¡ì•„ì£¼ëŠ” ê²ƒì´ ì—†ì—ˆìŒ.
ë•ë¶„ì— ì•„ë“¤ì˜ ìƒì¼ì¼€ìµì€ ì°Œê·¸ëŸ¬ì§„ ìƒíƒœë¡œ ì´›ë¶ˆì„ ë¶™ì—¬ì¤¬ìŒ.
í™€ì¼€ìµ ì‚¬ì‹¤ë¶„ì€ ì£¼ì˜ë°”ëžŒ.",9ë‹¬ ì „,2
22,Jisun Kim,ì•„ì´ìŠ¤ë¼ë–¼ê°€ 7000ì›....,2ì£¼ ì „,3
23,ê¹€í¬ë§,ë”¸ê¸° ì¼€ì´í¬ëŠ” í™ëŒ€ í”¼ì˜¤ë‹ˆëž‘ ë§›ì´ ë˜‘ê°™ì•„ìš” ë¶€ë“œëŸ½ê³  ë§›ìžˆìŒ ê·¼ë°ã…œã…œ ê°€ë¡œìˆ˜ê¸¸ì´ë¼ ê·¸ëŸ°ì§€ ê°€ê²©ì´ ë„ˆë¬´ ì˜¤ë°”ã… ã…œ ì•„ì´ìŠ¤ ì•„ë©”ë¦¬ì¹´ë…¸ 6000ì›ì¸ë° ë¹¨ëŒ€ë¡œ ë‹¤ì„¯ ë²ˆ ë¹¨ë©´ ì—†ê³  6700ì›ì¸ ì¼€ì´í¬ë„ ì§„ì§œ ìª¼ê·¸ë§¤ìš”... ë”±ížˆ í¬í† ì¡´ë„ ì—†ì–´ì„œ ì¸ìŠ¤íƒ€ í•˜ì‹œëŠ” ë¶„ë“¤í•œí…Œë„ í¬ê²Œ ë§¤ë ¥ì ì¸ ê³³ì€ ì•„ë‹ˆì—ìš” ìžë¦¬ë¥¼ ë§Žì´ ë§Œë“œë ¤ê³  ê·¸ëž¬ëŠ”ì§€ ì¸í…Œë¦¬ì–´ë„ ì†Œë°•í•˜ê³ ...,1ë…„ ì „,2
24,Young SouL,ëŒ€êµ¬ ì»¤í”¼ëª…ê°€ì˜ ìˆ˜ì œë”¸ê¸°ì¼€ì´í¬ë³´ë‹¤ ê°œì¸ì ìœ¼ë¡œ ë” ì¢‹ì•˜ìŠµë‹ˆë‹¤. ì»¤í”¼ëª…ê°€ì˜ ë”¸ê¸°ì¼€ì´í¬ëŠ” ë”¸ê¸°ê°€ ì£¼ë¼ì„œ ë”¸ê¸°ë§› ìœ„ì£¼ì§€ë§Œ ë“€ìžë¯¸ëŠ” ë”¸ê¸°ë§›ì€ ìƒëŒ€ì ìœ¼ë¡œ ì•½í•˜ì§€ë§Œ ì¼€ì´í¬ì˜ ë§›ì— ì¢€ ë” ì¶©ì‹¤í•´ì„œ ì•„ì£¼ ë§Œì¡±í–ˆìŠµë‹ˆë‹¤.,2ë…„ ì „,4
25,segeun jang,ì£¼ì°¨ ê°€ëŠ¥ ìš°ìœ ë§›ì´ ì§„í•œ ìƒí¬ë¦¼ì´ ìž…ì•ˆê°€ë“ í¼ì§€ê³  ì¹´ë¼ë§¬ì¼€ìµê³¼ ì´ˆì½”ì¼€ìµë„ ì¸ìƒì¼€ìµ!! ë‹¨ì ì€....ê°€ì„±ë¹„....,2ë…„ ì „,4
26,Rosie LEE,ì¼€ì´í¬ë§›ìžˆì–´ìš”~! ë§ì°¨ë¹™ìˆ˜ ìŠˆì¶”ê°€ëŠ” ê´œížˆí–ˆê³ ..ã…‹ã…‹ ì¼€ì´í¬ê°€ ì§„ë¦¬!!!!>. < 2ì¸µ ë§¤ìš° ì‹œë„ëŸ¬ì›Œì„œ 1ì¸µì´ ì¢‹ì•„ìš”!,3ë…„ ì „,5
27,ê¹€ì€ì •,ìžì£¼ëŠ” ëª»ê°€ì§€ë§Œ ì§„ì§œ ì¼€ìžŒë„ ë§›ìžˆê³  ë¶„ìœ„ê¸°ë„ ì¢‹ì•„ìš”.,6ë‹¬ ì „,5
28,Haje Kim,"ìœ ëª…ì„¸ì— ë¹„í•´ì„œ ì¼€ì´í¬ ë§›ì€ ë³´í†µ ìˆ˜ì¤€ìž…ë‹ˆë‹¤.
ì°¾ì•„ê°€ì„œ ë¨¹ê±°ë‚˜ ê¸°ë‹¤ë¦´ ì •ë„ëŠ” ì•„ë‹™ë‹ˆë‹¤.
ë¨¹ê³  ë‚œ ë‹¤ìŒì— ìƒê°ì´ ë‚˜ì§€ë„ ì•ŠìŠµë‹ˆë‹¤.
ë„ˆë¬´ ê¸°ëŒ€ê°€ ì»¸ë˜ ê±¸ê¹Œìš”...
ìŠ¤íƒ€ë²…ìŠ¤ ê°™ì€ í”„ëžœì°¨ì´ì¦ˆ ì¹´íŽ˜ì˜ ì¼€ì´í¬ê°€ ë” ë§›ìžˆëŠ” ê²ƒ ê°™ìŠµë‹ˆë‹¤.
ê°€ê²©ë„ ë¹„ì‹¼ íŽ¸ìž…ë‹ˆë‹¤.
ìž¬ë°©ë¬¸ ìƒê°ì´ ì—†ëŠ” ê³³ ìž…ë‹ˆë‹¤.",3ë…„ ì „,1
29,DAGYUL LEE,ê°€ë¡œìˆ˜ê¸¸ì—ì„œ ì¼€ì´í¬ê°€ ë¨¹ê³ ì‹¶ì„ë•Œ ë°©ë¬¸... ì €ë ´í•˜ì§€ëŠ” ì•Šì§€ë§Œ ìŒë£Œë‚˜ ì¼€ìžŒì˜ ë§Œì¡±ë„ê°€ ë†’ì•„ì„œ ê°€ë”ê°‘ë‹ˆë‹¤,1ë…„ ì „,4
30,í°ë„ê¹¨ë¹„,ì»¤í”¼ ë§›ì€ ê·¸ëƒ¥ì €ëƒ¥ ìˆ˜ë°•ìŒë£Œë¥¼ ì‹œì¼°ë”ë‹ˆ ì„¤íƒ•êµ­ìž„ ë¹µê³¼ ì¼€ìµì€ ìž˜ íŒ”ë¦¼,8ë‹¬ ì „,3
31,ìŠ¹ì—°,ë¹„ì‹¸ê¸´í•œë° ë§›ìžˆì–´ìš”! ëˆë§Œìžˆìœ¼ë©´ ë§¤ì¼ê°”ë‹¤..,6ë‹¬ ì „,5
32,Meini Son,"ë””ì €íŠ¸ê°€ ë¹„ì‹¸ì§€ë§Œ ë§›ìžˆëŠ” ê³³
ì˜ˆì˜ê³  ë§›ìžˆê³  ë¹„ì‹¸ë‹¤ ã…‹ã…‹
ë§›ìžˆì–´ì„œ ì¼ì£¼ì¼ë™ì•ˆ 3ë²ˆ ë°©ë¬¸ (1ë²ˆì€ í¬ìž¥ìœ¼ë¡œ ì´ìš©)",1ë…„ ì „,4
33,êµ¬ì„œí¬,ë§›ìžˆì—ˆì–´ìš”.,3ì£¼ ì „,4
34,ê¹€ê²½ì€,"ë¶€ë“œëŸ¬ìš´ ì•„ì¸ìŠˆíŽ˜ë„ˆì™€ ë§›ìžˆëŠ” ëª½ë¸”ëž‘^^~
í•˜ì§€ë§Œ ê°€ê²©ì€ ì¢€ ìŽ•ë‹ˆë‹¤",11ë‹¬ ì „,5
35,ê¶Œí˜œì›,êµ³ì´ ì—¬ê¸¸ ì™€ì„œ ë¨¹ì–´ì•¼í•˜ë‚˜..... ë¹„ì‹¸ê³  ë‹¤ë¥¸ê³³ì´ëž‘ ë§›ì˜ íŠ¹ë³„í•¨ë„ ì—†ìŠµë‹ˆë‹¤ ëŒ€ì‹  2ì¸µ ì¢Œì„ì´ ë„“ê³  ìžìœ ë¡œì›Œìš”,1ë…„ ì „,2
36,crystal 1,ì†”íŠ¸ì¹´ë¼ë©œì¼€ì´í¬ ë§›ìžˆëŠ”ë° ë„ˆë¬´ë¹„ì‹¸ê³  ì•„ì´ìŠ¤ì•„ë©”ë¦¬ì¹´ë…¸ ì§„ ì§œ ë§›ì´ ì—†ì–´ìš”... ìŒë£ŒëŠ” ë”´ê±°ë“œì„¸ìš”,2ë…„ ì „,3
37,jae king,ìˆ˜ìš”ë¯¸ì‹íšŒì— ë‚˜ì˜¨ ì¹´ë¼ë©œì†Œê¸ˆì¼€ì´í¬ ë§›ì§‘. ë‹¤ë¥¸ì¼€ìµì€ ë³„ë¡œì˜€ëŠ”ë° ì¹´ë¼ë©œì†Œê¸ˆì¼€ì´í¬ ë§Œí¼ì€ ì˜ˆìˆ  ..!,3ë…„ ì „,5
38,Mike LEE,ë”¸ê¸°ìƒí¬ë¦¼ ì¼€ì´í¬ê°€ ì¼í’ˆì¸ê³³,7ë‹¬ ì „,5
39,ì†”,ë§›ìžˆê¸´ ì§„ì§œ ë§›ìžˆëŠ”ë° ì–‘ì— ë¹„í•´ ë„ˆë¬´ ë¹„ì‹¸ë‹¤... ë‹¤ ìžë¦¬ê°’ì´ë¼ ìƒê°...,2ë…„ ì „,3
40,ê²€ì€ê³ ì–‘ì´,ê¸°ë³¸ì ìœ¼ë¡œ ëª¨ë“  ë””ì €íŠ¸ë¥˜ê°€ ë§›ìžˆì–´ìš”! ê·¸ë¦¬ê³  2ì¸µì— ì¢Œì„ì´ ì •ë§ ìž˜ êµ¬ë¹„ë˜ì–´ ìžˆì–´ì„œ ì‰¬ê³ ê°€ê¸° ì¢‹ì•˜ë„¤ìš” ê°•ì¶”í•©ë‹ˆë‹¤. ì¸í…Œë¦¬ì–´ë„ ì•„ê¸°ìžê¸°í•˜ê³  ì˜ˆë»ìš”.,1ë…„ ì „,5
41,ì°¨ìˆ˜ì—°,ìœ ëª…ì„¸ì— ë¹„í•´ì„œ ê·¸ì €ê·¸ëŸ°... ë§›ì€ ìžˆì§€ë§Œ ë†€ëžë„ë¡ ë§›ìžˆì–´! ì´ê±´ ì•„ë‹˜,3ë…„ ì „,3
42,Heejeong Kwon,í•­ìƒ ìžë¦¬ ë§Žê³  ë§›ë„ ìžˆì–´ì„œ ìžì£¼ ê°€ëŠ” ì§‘. ì¢…ë¥˜ë„ ë§Žê³  ì¼€ì´í¬ ì „ë¶€ ë§›ìžˆëŠ” íŽ¸!,1ë…„ ì „,4
43,ë§í•˜ëŠ”ê°ìž,ë”¸ê¸°ê°šë§Žì´ ë“¤ì—ˆëŠ”ë° í¬ë¦¼ê³¼ ìŠ¤í°ì§€ëŠ” ë¬´ë‚œí–ˆìŠµë‹ˆë‹¤.,1ë…„ ì „,3
44,eun gyu jeong,ë„ˆë¬´ ë§›ì—†ì–´ì„œ ì •ë§ë¡œ ë†€ëžìŠµë‹ˆë‹¤.,1ë…„ ì „,1
45,Yoon Suh,ì¼€ì´í¬ë¥¼ ì¢‹ì•„í•œë‹¤ë©´ ê°€ë³¼ê²ƒ,4ë…„ ì „,4
46,J. A. Parc,ë””ì €íŠ¸ê°€ ì¡´ë§›ì´ì§€ë§Œ ì‚¬ì‹¤ ì£¼ì°¨ìž¥ ë°œë ›ì´ ì•„ë‹ˆì–´ì„œ ì¢‹ë‹¤ëŠ¥.. ë°œë ›ë¹„ë„˜ë‚˜ì•„ê¹Œìš´ê²ƒã…‹,1ë…„ ì „,5
47,Erdante Lindemann,"ì–¸ì œë‚˜ ë§›ìžˆë‹¤. ë ˆëª¬íƒ€ë¥´íŠ¸ðŸ‘ðŸ‘ ì½”ë¡œë‚˜ë¼ì„œ ì¡°ìš©í•œë°, í‰ì†Œì—” ì‹œë„ëŸ½ê¸´í•˜ë‹¤",1ë…„ ì „,5
48,ì´ìš°ì°¬,"íŒ¥ë¹™ìˆ˜ëŠ” ë¹„ì¶”ìž…ë‹ˆë‹¤. ê°€ê²© ëŒ€ë¹„ ë§¤ìš° ì‹¤ë§ìŠ¤ëŸ¬ìš´ ë§›ì´ê³  ì–‘ì€ ë§Žì•„ìš”.
ë‹¤ ë¨¹ì§€ ëª»í•˜ê³  ë²„ë ¸ë„¤ìš”.",10ë‹¬ ì „,2
49,katy park,"2ì¸µ ë¶„ìœ„ê¸° ì¢‹ì•„ìš” ì‚¼ì²­ë™ì´ëž‘ ë˜ë‹¤ë¥¸ ëŠë‚Œ
ê·¼ë° í™”ìž¥ì‹¤ ë‚¨ë…€ê³µìš©...
ë§ˆì¹´ë¡±ì€ ë˜ ì™œì´ë¦¬ ëˆ…ëˆ…í•œì§€ 4ê°œ ëª¨ë‘ ë„ˆë¬´ ë…¹ì€ì±„ë¡œ ë‚˜ì™€ì„œ ë°”ê¿”ë‹¬ë¼ê³  í•˜ë ¤ë‹¤ ê·¸ëƒ¥ ì•ˆë¨¹ì—ˆì–´ìš” ë§ˆì¹´ë¡± ìžì²´ë„ ë§›ì´ ì—†ì—ˆê±°ë“ ìš” ã…¡ ì‹¤ë§ìŠ¤ëŸ¬ìš´ ë§› ìž¬ë°©ë¬¸ì˜ì‚¬ ì œë¡œ",1ë…„ ì „,1
50,ìµœì§€í˜œ,"ì „í˜•ì ì¸ ì¼€ì´í¬ ë§ê³  ìƒ‰ë‹¤ë¥¸ ì¼€ì´í¬ë¥¼ ì›í• ë•Œ ì¶”ì²œ
1ë…„ì „ ë°©ë¬¸í–ˆì„ë•Œì™€ëŠ” ë‹¤ë¥´ê²Œ ì¸í…Œë¦¬ì–´ê°€ ë§Žì´ ë°”ë€Œì—‡ê³  ì¼€ì´í¬ ì œí’ˆë„ í›¨ì”¬ í€„ë¦¬í‹°ê°€ ìƒìŠ¹ë˜ì—ˆë‹¤
1ë…„ ì‚¬ì´ ë¬´ìŠ¨ ì¼ì´ ìžˆì—ˆëŠ”ì§€ëŠ” ëª¨ë¥´ì§€ë§Œ ì•„ì£¼ ì¢‹ì€ ë°©í–¥ìœ¼ë¡œ ê°€ê³ ìžˆìŒì€ í‹€ë¦¼ì—†ëŠ”ë“¯
ë‹¤ë§Œ ê°€ê²©ì€ ê±°ì˜ 8000ì›ëŒ€~ì´ìƒ(í•œì¡°ê°ì—)
ì•„ë©”ë¦¬ì¹´ë…¸ê°€ 5000ì›ëŒ€ì˜€ë˜ê±°ê°™ì•˜ë‹¤
ì»¤í”¼ëŠ” ë”±ížˆ íŠ¹ë³„í•œê²ƒ ì—†ì—ˆìŒ
ë³„ì  í•˜ë‚˜ ê¹ì€ ì´ìœ ëŠ” ë˜ ê°€ê³ ì‹¶ë‹¤ë¼ëŠ” ìƒê°ì€ ë”±ížˆ ë“¤ì§€ì•Šì•˜ìŒ",4ë…„ ì „,4
51,ê¹€í˜„ë¯¼,"íŒ¥ë²„í„°íŽ˜ìŠ¤ì¸„ë¦¬!
ê·¼ë° í™”ìž¥ì‹¤ ë‚¨ë…€ê³µìš©ì´ë¼ì„œ ë³„ë¡œ.",1ë…„ ì „,3
52,Jinee,"ì»¤í”¼ëŠ” ì‚°ë¯¸ê°€ êµ‰ìž¥ížˆ ê°•í•œ íŽ¸ì¸ë° ë­ ì¹´íŽ˜ ê°œì„±ì´ê² ì§€...
ì¼€ì´í¬ ë§›ìžˆëŠ”ë° ìŒ ì¡°ê·¸ë§Œê²Œ 8200ì›ì´ë©´ ìƒë‹¹ížˆ ë¹„ì‹¸ë‹¤ê³  ìƒê°
ë§›ì€ ìžˆìŒ",1ë…„ ì „,4
53,ê¹€ì¤€ì² ,"ë¶„ìœ„ê¸°ë„ ë””ì €íŠ¸ ë§›ë„ ì»¤í”¼ í–¥ë„ ìµœê³ ì˜ˆìš”
ì¼ìš”ì¼ ì˜¤ì „ì— ì™”ëŠ”ë° 2ì¸µ ì—„ì²­ ë„“ê³  ì¾Œì í•´ì„œ
ì¢‹ì•˜ì–´ìš”â™¡",1ë…„ ì „,5
54,ë°•voov,ë§›ìžˆëŠ”ë° ë¹„ì‹¸ê³  ì‚¬ëžŒ ê°œë§ŽìŒ ì¡°ìš©í•œê³³ì€ ì•„ë‹˜,1ë…„ ì „,4
55,Jusung Lee,ìžë¦¬ë¥¼ ìž¡ê¸°ê°€ ë§¤ìš° íž˜ë“¤ê³  ê·¸ë§ˆì €ë„ ë¶ˆíŽ¸í•¨. ì¼€ìžŒì€ ë§›ìžˆìŒ.,2ë…„ ì „,4
56,pearl,ì¼€ì´í¬ë§›ìžˆìŠµë‹ˆë‹¤. ì•„ë©”ì´ì¹´ë…¸ìž” ì•ˆë¯¸ë„ëŸ¬ìš´ê±¸ë¡œ ë°”ê¿”ì£¼ì„¸ìš”,1ë…„ ì „,4
57,alice park,"ì¼€ìµì€ ì˜ˆì „ë¶€í„°  ë§›ìžˆì—ˆëŠ”ë°
ë¹™ìˆ˜ëŠ”  ì¢€  ì•„ë‹Œë“¯
ì–¼ìŒì´  ìŒ©ì–¼ìŒì´ì—ìš”   ìš°ìœ ê°€  ì•ˆë“¤ì–´ê°”ìŒ
ì•„ìŠ¤í¬ë¦¼ì€  ëŠë¼í•œë°  íŒ¥ì€  ì—„ì²­ë‹¬ê³ 
ë°¸ëŸ°ìŠ¤ê°€  ì „í˜€ ì•ˆë§žì•„ìš”",10ë‹¬ ì „,3
58,BH Kim,ê°€ë¡œìˆ˜ê¸¸ì—ì„œëŠ” ë“œë¬¼ê²Œ ìžì²´ ì£¼ì°¨ìž¥ì´ ìžˆì–´ ì• ìš©í•œë‹¤. ì¼€ìžŒì´ ë§›ìžˆë‹¤ íŠ¹ížˆ ì¹´ë¼ë©œì†”íŠ¸,1ë…„ ì „,5
59,jay jay,ì†”í‹°ì¹´ë¼ë©œ ë§Žì´ ë‹¬ì§€ì•Šì•„ì„œ ì¢‹ì•˜ì–´ìš”,2ë…„ ì „,5
60,cen to,ë³¸ì¸ì´ êµ‰ìž¥ížˆ ì¦ê²¨ì°¾ëŠ” ê°€ë¡œìˆ˜ê¸¸ ì¹´íŽ˜. ì–¸ì œë‚˜ ì†”íŠ¸ì¹´ë¼ë©œë¬´ìŠ¤ë¥¼ ë¨¹ëŠ”ë° ì´ë‚ ë”°ë¼ ì†Œê¸ˆì–‘ì´ ì¢€ ë§Žì•˜ë‹¤..,1ë…„ ì „,4
61,ë™í˜¸ì„ ,ë§›ìžˆê³  ì˜ˆìœì¼€ìžŒì´ê°•ì .ì»¤í”¼ê°€ ì¢€ë” ë¬µì§í–ˆìœ¼ë©´ ì¼€ìžŒê³¼ ë” ìž˜ ì–´ìš¸ ê²ƒê°™ì•„ìš”.2ì¸µì€ ì¢€ ë”ì› ì–´ìš”.ê°€ê²©ì— ë¹„í•´ ì¢€ ì„œìš´,1ë…„ ì „,3
62,ìœ¤ë‹¤ë¯¸,"ì¼€ì´í¬ ë§›ìžˆì–´ìš”!! íŠ¹ížˆ ì†”í‹°ìº¬ë¼ë©œ ìµœê³ !!!
ìˆ˜ìš”ë¯¸ì‹íšŒ ë°©ì†¡ í›„ì— ë¨¹ê¸° íž˜ë“¤ì—ˆëŠ”ë° ì´ì   ì‹œê°„ ë§Žì´ í˜ëŸ¬ ì§€ë‚˜ê°€ëŠ”ê¸¸ì— ìƒê°ë‚˜ì„œ ë“¤ëŸ¬ë³´ë‹ˆ ì—¬ìœ ë¡­ê³  ì¢‹ì•˜ì–´ìš”~ ì»¤í”¼ëŠ” ì‚°ë¯¸ê°€ ê°•í•´ì„œ ê·¸ë‹¥..ì œ ì·¨í–¥ì€ ì•„ë‹ˆì—ˆë˜ê±¸ë¡œã…‹ã…‹",2ë…„ ì „,5
63,íŒì¶˜,í•­ìƒ ë§›ìžˆìŒ..  ëª‡ê°œì›”ì „ ë§ì°¨ì¡°ê°ì¼€ì´í¬ì•„ì£¼ì•½ê°„ìž‘ì•„ì§..ê·¸ëž˜ë‘ í¬ê¸°í• ìˆ˜ì—†ëŠ” JMT..,1ë…„ ì „,4
64,í•˜ì§œì¦ë‚˜ì§„ì§œì–´ì©Œë¼ê³ ,ì£¼ë³€ ì¹´íŽ˜ë“¤ì— ë¹„í•´ ì¡°ê¸ˆ ë¹„ì‹¸ë‚˜ ì¾Œì í•˜ê³  ë””ì €íŠ¸ë¥˜ ë§›ìžˆëŠ”ë“¯,1ë…„ ì „,4
65,ë…¸ì´ë…¸,ì•„ ì—¬ê¸° ë§›ìžˆëŠ . ë‹¹ê·¼ì¼€ì´í¬ êµ³,1ë…„ ì „,5
66,HONG2,ì–¼ê·¸ë ˆì´ íƒ€ë¥´íŠ¸ ëŒ€ì¡´ë§› ã…œã…œ ì†Œê¸ˆìº¬ë¼ë©œì€ ê¸°ëŒ€ë§Œí¼ì€ ì•„ë‹ˆì—ˆë‹¤.,1ë…„ ì „,5
67,ë”¸ê¸°,ë§ˆì¹´ë¡± ì†”í‹°ì¹´ë¼ë©œ ì¡´ë§›,7ë‹¬ ì „,5
68,Heeyeon Kim,ê¹”ë”í•˜ê³  ë„“ì€ 2ì¸µê³¼ ì•„ëŠ‘í•˜ê³  ì‹¬í”Œí•œ 1ì¸µì´ ìžˆê³  ë§›ìžˆëŠ” ì¼€ì´í¬ê°€ ë§Žë‹¤.,2ë…„ ì „,4
69,ì´í˜„ì •,ë“€ìžë¯¸ëŠ” ë”¸ê¸°ì¼€ì´í¬ê°€ ì œì¼ ë§›ìžˆìŒ. ì†”í‹°ì¹´ë¼ë©œì´ ì™œ ìœ ëª…í•œì§€ ëª¨ë¥´ê² ìŒ.. ë±…ì˜¤ ì‡¼ì½œë¼ë„ ê´œì°®ì•˜ìŒ. ì»¤í”¼ëŠ” ì‹ ë§›ì´ ê°•í•˜ë‹¤.,2ë…„ ì „,4
70,Sejin,ì†”íŠ¸ìº¬ë¼ë©œ ì¼€ì´í¬ë¥¼ ê¼­ ë¨¹ì–´ë´ì•¼í•˜ëŠ”ê³³ì´ë‹¤,1ë…„ ì „,5
71,ì´ê²½ë¯¼,"ê°„íŒì´ í•˜ì–—ê³  ì˜ì–´ë¡œ ì í˜€ ìžˆì–´ ëˆˆì— ìž˜ ë„ì§€ ì•Šì•˜ìŠµë‹ˆë‹¤;
ê°€ê²©ëŒ€ê°€ ì¢€ ìžˆëŠ” íŽ¸ì´ì—ˆìŠµë‹ˆë‹¤. ì•„ì‰½ê²Œë„ ë©”ì¸ ì¼€ì´í¬ëŠ” ë§›ì„ ëª» ë³¸ ì ì´ ì•„ì‰¬ì› ê³  ì»¤í”¼ë§Œì€ ë¬´ë‚œí–ˆìŠµë‹ˆë‹¤. 2ì¸µì— ì•‰ì•˜ëŠ”ë° ì˜ìžê°€ ì¡°ê¸ˆ ë¶ˆíŽ¸í•´ì„œ ì•„ì‰¬ì› ìŠµë‹ˆë‹¤.",2ë…„ ì „,3
72,Kyeung cheun seo,"ì¼€ìµ ìµœê³ , ì»¤í”¼ ì†Œì†Œ",1ë…„ ì „,5
73,ha cho,ë¶ˆì¹œì ˆí•©ë‹ˆë‹¤. ê³¼ì¼ ë–¨ì–´ì§€ê²Œ íˆ­ ë˜ì§€ëŠ” ì¼€ì´í¬ì§‘ì€ ì²˜ìŒ ë³´ë„¤ìš”.,1ë…„ ì „,1
74,Mk,ê°€ë¡œìˆ˜ê¸¸ ^^ ë‚˜ë¦„ ë§›ì€ ê´œì°®ì€ë“¯ í•©ë‹ˆë‹¤,1ë…„ ì „,4
75,ë•Œêµ´ë•Œêµ´ë„í† ë¦¬,ê°œì¸ì ìœ¼ë¡œëŠ” ë ˆëª¬ ë§ˆë“¤ë Œì´ ê°€ìž¥ ë§›ìžˆì—ˆì–´ìš”ðŸ‘,1ë…„ ì „,4
76,Hong seok Do,"ì¡°ê¸ˆ ë¹„ì‹¼ê°ì´ ë“¤ì§€ë§Œ ì¼€ì´í¬ê°€ ì‹¬í•˜ê²Œ ë‹¬ì§€ ì•Šê³  ê¸°ë¶„ì¢‹ì€ ë‹¨ë§›ì„ ëŠë‚„ìˆ˜ ìžˆì–´ì„œ ì¢‹ì•„ìš”
ì¹´íŽ˜ ì˜†ì— ì£¼ì°¨ìž¥ë„ ìžˆì–´ì„œ ë¶€ë‹´ì´ ì—†ë„¤ìš”",2ë…„ ì „,4
77,ì´ë£¨,"ì‚¬ëžŒì´ ë§Žì•„ì„œ ì‹œëŒì‹œëŒ
ë””ì €íŠ¸ëŠ” ë§›ìžˆìŒ
ì»¤í”¼ëŠ” ë¬´ë‚œí•¨. ì‹ ë§›ì´ ê°•í•œ ëŠë‚Œìœ¼ëŸ¬ ì‚°ëœ»í•¨
ë‹¨ ë””ì €íŠ¸ëž‘ ë¨¹ê¸° ì¢‹ìŒ
í™ì°¨ê°€ ì§„í•˜ê³  í–¥ì´ í–¥ê¸°ë¡œì›€",2ë…„ ì „,4
78,Subin Rosa Lee,ë³´í†µì˜ ì¼€ì´í¬ ë§›. ë„¤..... ì‚¬ëžŒ ì—„ì²­ ë§Žê³  1ì¸µ ê°€ê²Œ ìž…êµ¬ ì—´ë ¤ìžˆì–´ì„œ ì‹œì›í•˜ì§€ ì•ŠìŒ.,2ë…„ ì „,3
79,ì •ì¸êµ¬,ë‚´ìž…ì—” ê·¸ì €ê·¸ëŸ¼. ë„ˆë¬´ ì°¨ë³„ì„±ê³¼ ê³ ê¸‰ìŠ¤ëŸ¬ì›€ë§Œ ê°•ì¡°í•œë“¯ ë‚´ìž…ì´ ê³ ê¸‰ì´ ì•„ë‹Œê°€ë´~,2ë…„ ì „,3
80,ë¥œ,ì¸í…Œë¦¬ì–´ëŠ” ì´ì¨. ì¼€ìžŒì˜ ë§›ì€ ìŒ.. ê¸€ìŽ„ ..,1ë…„ ì „,3
81,í•œí•œìŠ¹í˜„,2ì¸µ ë„“ê³  íŽ¸ì•ˆí•¨.. ê·¼ë° ë¹„ì‹¸ë‹¤,2ë…„ ì „,4
82,ìµœìš´ìš©,ê°€ë¡œìˆ˜ê¸¸ì´ë¼ ì•½ê°„ ë¹„ì‹¸ì§€ë§Œ ë¹„ì‹¼ ë§Œí¼ ë§›ë„ ë³´ìž¥,1ë…„ ì „,3
83,Sanghoon Myung,ê°€ê²Œì˜ ëª…ì„±ê³¼ ì‹ ì‚¬ë¼ëŠ” ìœ„ì¹˜ì—ë„ ë¶ˆêµ¬í•˜ê³  í™”ìž¥ì‹¤ì´ ë‚¨ì—¬ê³µìš©ì— ì–¸ì œ ë¬´ìŠ¨ì¼ì´ ì¼ì–´ë‚˜ë„ ì´ìƒí•˜ì§€ ì•Šì„êµ¬ì¡°,1ë…„ ì „,2
84,Hanmoy J. Park,ê°€ê²Œë¥¼ í™•ìž¥í•˜ê³  ì˜ˆì „ê³µë°©ì˜ ëŠë‚Œì€ ì¢€ ì—†ì–´ì¡ŒìŠµë‹ˆë‹¤. ê·¸ëŸ°ë° í™•ìž¥í•œ ê°€ê²Œì˜ í¬ê¸°ì—ë¹„í•´ ì‚¬ëžŒì´ ì—†ë„¤ìš”. 2ì¸µì˜ìžì¢€ë¶ˆíŽ¸í•©ë‹ˆë‹¤.,2ë…„ ì „,5
85,ìœ¤ìŠ¹í˜„,ì¼€ìµ ë§›ì§‘,3ë‹¬ ì „,4
86,ì†ì£¼ìš©,ë”¸ê¸°ì¼€ì´í¬ê°€ ë§¤ìš°ë¶€ë“œëŸ½ìŠµë‹ˆë‹¤. But..ìŒë£ŒëŠ” ê·¸ë‹¥,1ë…„ ì „,4
87,í—ˆë‘ì„,ë””ì €íŠ¸ì˜ ì„±ì§€. ìž¬ë°©ë¬¸í•˜ê³  ì‹¶ì€ ìš•êµ¬ê°€ íƒ€ì˜¤ë¥´ëŠ” ìž¥ì†Œ. íŠ¹ë³„í•œ ì‚¬ëžŒê³¼ í•¨ê»˜ ê°€ê³ ì‹¶ì€ ê³³.,5ë…„ ì „,5
88,mk,ì ë‹¹ížˆ ë‹¬ê³  ë§›ë‚¨,1ë…„ ì „,5
89,Casa Blanca,"ë””ì €íŠ¸ ìƒµ
ë‹¤ì–‘í•œ ê³¼ì¼ìŒë£Œì™€ ì¼€ìµ. ê·¸ë¦¬ê³  ë„“ì€ ì‹¤ë‚´ì™¸ ê³µê°„",3ë…„ ì „,4
90,ìœ ì§€ì¸,ë¹„ì‹¸ê¸´ í•œë° ë§›ìžˆì–´ìš”. 2ì¸µê¹Œì§€ ìžˆì–´ìš”.,2ë…„ ì „,4
91,J,ê·¸ëƒ¥ ê·¸ëŸ­ì €ëŸ­ ì•„ì´ìŠ¤ë¦¼ë„ ì•„ë©”ë¦¬ì¹´ë…¸ë„,2ë…„ ì „,2
92,sue lim,ê³µê°„ì€ ê´¸ì°®ì§€ë§Œ ë§›ì€ íŒŒë°”ìˆ˜ì¤€ êµ³ì´ ë˜ê°€ê³ ì‹¶ì§€ëŠ” ì•ŠìŒ,2ë…„ ì „,3
93,á„‹á„€á„‹,ì¼€ì´í¬ë“¤ì´ í•˜ë‚˜ ê°™ì´ ë‹¤ ë§›ìžˆì–´...,2ë…„ ì „,5
94,YooJo Chung,ê¸°ëŒ€ ì´ìƒì´ì—ˆì–´ìš”!,2ë…„ ì „,5
95,ìµœí¬ì˜,ì¼€ìµë“¤ ëŒ€ë¶€ë¶„ ë§›ìžˆì–´ìš”.,1ë…„ ì „,4
96,SKY JANG,ë””ì €íŠ¸ê°€ ë§›ìžˆëŠ” ê³³.,2ë…„ ì „,4
97,Taylor,ì»¤í”¼ ì¼€ì´í¬ ëª¨ë‘ í›Œë¥­í•¨,1ë…„ ì „,5
98,ê¹€ê²½ìš±,ì¼€ìµì´ ë§›ìžˆìœ¼ë‚˜ ê°€ê²©ì´ ì‚¬ì•…. 1ì¸ 1ë©”ë‰´ ì£¼ë¬¸í•´ì•¼í•¨,2ë…„ ì „,3
99,JunYeong Jo,ì¹´ë¼ë©œ ì†Œê¸ˆ ì¼€ì´í¬ê°€ ì œì¼ ë§›ìžˆìŒ,2ë…„ ì „,4
100,rumi,ì¼€ìµ ì˜ˆìˆ ðŸ‘,6ë‹¬ ì „,5
101,ìž„í•´ë¯¼,ìˆ˜ìš”ë¯¸ì‹íšŒì— ë‚˜ì˜´ ìƒí¬ë¦¼ì‡¼íŠ¸ì¼€ì´í¬ê°€ ì‹ ì„ í•˜ê³  ë¶€ë“œëŸ¬ì›€,3ë…„ ì „,5
102,Jiminimini,ë„ˆë¬´ ë¹„ìŒˆ. ì´ê±°ë³´ë‹¤ ìž¬ë£Œ ì¢‹ê³  ë§›ìžˆëŠ” ì¼€ìµì§‘ ë§ŽìŒ.,5ë…„ ì „,2
103,ì´ì •í™˜,ìš”ì¦˜ ë§›ë‚œ ì§‘ì´ ë§Žì´ ìƒê²¨ì„œ..,3ë…„ ì „,3
104,Dong Sub Lee,"ë§›ì€ ìžˆê³  ë¹„ì‹¼íŽ¸
ë³„ì ì´ 2ì ì¸ ì´ìœ ëŠ” ì‚¬ì§„ì˜ ì ˆë°˜ë§Œí¼ë§Œ
ì•„ì´ìŠ¤í¬ë¦¼ì´ ë‚˜ì™”ê¸° ë•Œë¬¸
í‘ë‹¹ë²„ë¸” ì•„ì´ìŠ¤í¬ë¦¼ ì‚¬ì§„ì´ëž‘ ë‹¬ë¼ë„ ë„ˆë¬´ ë‹¤ë¦„",1ë…„ ì „,2
105,ê°•ì§€ì›,ì¼€ì´í¬ ì§„ì§œ ë§›ìžˆë‹¤.,1ë…„ ì „,5
106,ì£¼ìµëª…,ì…°í”„ë‹˜ì´ ë””ì €íŠ¸ ì²œìž¬ìž„,1ë…„ ì „,5
107,ì‚°ì¡°,ì•„..... ì—ì´ë“œë„ ë„ˆë¬´ ë‹¬ê³  ì¼€ì´í¬ë„ ì•„.....,10ë‹¬ ì „,2
108,jungyun koo,ë§ˆì´ì¨©,1ë…„ ì „,5
109,Sung Wook Kim,ì¼€ìžŒì´ ë§›ìžˆëŠ”  ë””ì €íŠ¸ ë§›ì§‘,2ë…„ ì „,3
110,ê¹€ì§„í˜¸,ë‹¹ê·¼ ì¼€ìµì´ ë§›ìžˆì—ˆìŠµë‹ˆë‹¤.,1ë…„ ì „,4
111,Jae Yeol Nam,ë¶„ìœ„ê¸° ì§±. ë§› ì§±. ê°€ê²© ë¹„ì‹¸ìš”,4ë…„ ì „,4
112,Tany Jung,ì£¼ì°¨ëŠ” ë¶ˆíŽ¸í•˜ì§€ë§Œ ì¼€ìžŒ í›Œë¥­í•¨,1ë…„ ì „,4
113,ë ¹í˜œì†¡,ë§›ìžˆëŠ” ì¼€ì´í¬,1ë…„ ì „,4
114,JM Baek,ì¢‹ì•„ìš”,1ë…„ ì „,4
115,cindy c,ë§›ì´ ì¢‹ë‹¤,1ë…„ ì „,4
116,ê¹€ì§„í™˜,ê°€ë¡œìˆ˜ê¸¸ì— ìœ„ì¹˜í•œ ì¼€ì´í¬ ì „ë¬¸ ì¹´íŽ˜. í”„ëž‘ìŠ¤ì–´ë¡œ 'ë‘ ì¹œêµ¬'ë¼ëŠ” ì˜ë¯¸ë‹¤.,4ë…„ ì „,4
117,Miles,ëˆ„êµ¬ë‚˜ ë§Œì¡±í• ë§Œí•œ ì¼€ì´í¬,2ë…„ ì „,5
118,ê¹€ì§„ìš°,ë””ì €íŠ¸ ë‹¤ ë§›ìžˆì—ˆìŒ ã…Ž,1ë…„ ì „,5
119,ì„œëŠ˜,ê°€ì„±ë¹„ë¥¼ ë”°ì§€ì§€ ì•Šê³  ë””ì €íŠ¸ë¥¼ ë§›ë´ì•¼ ì•ˆë‹¤,1ë…„ ì „,5
120,MJ K,ë§›ìžˆì§€ë§Œ ë¹„ì‹¸ìš”,1ë…„ ì „,4
121,ë§›ë°•ì‚¬,í‰ë²”í•˜ë‹¤,1ë…„ ì „,3
122,Minji Kim,"ê¸°ë³¸ì ì¸ ë§›, ì €ë ´í•˜ì§€ ì•Šì€ ê°€ê²©= ê·¸ëƒ¥ê·¸ëŸ¼",3ë…„ ì „,3
123,Ji-heui Lim (Jean),ìŒë£ŒëŠ” ë³„ë¡œ. ì¼€ìµì€ êµ¿!,4ë…„ ì „,3
124,HYEJIN KIM,ì—¬ê¸°ì˜¤ë©´ ì‚´ìª„ìš”.... ë„ˆë¬´ ë§›ìž‡ì •........,2ë…„ ì „,4
125,Chaieun Park,ë”¸ê¸°ì¼€ì´í¬ ì‚¬ëž‘,1ë…„ ì „,4
126,ìš°ì—°ê²½,ë„ˆë¬´ ë¹„ìŒˆ,1ë…„ ì „,3
127,ì¡°ì¡°ê²½ì„­,ë§›ìžˆ!,1ë…„ ì „,5
128,ê¹€í¬ì—´,ë¼ë–¼ ê·¸ë¦¬ê³  ë§ˆì¹´ë¡± ë§›ìžˆë„¤ìš”~ 2ì¸µì— ìžë¦¬ íŽ¸í•´ìš”,4ë…„ ì „,4
129,Sunseob Park,ë§›ì€ ìžˆìœ¼ë‚˜ ê¸°ë‹¤ë¦´ ì •ë„ëŠ” ì•„ë‹ˆë‹¤.,3ë…„ ì „,3
130,minky k,ê·¸ëƒ¥ê·¸ëž«ì–´ì—¬..,1ë…„ ì „,3
131,young R,ì†Œë…€ë“¤ì´ ì¢‹ì•„í•¨,3ë…„ ì „,3
132,ê°•í¬ë¯¼,ì†Œê¸ˆì¼€ìµì´ ë§›ìžˆë‹¤ë‚˜? í’ˆì ˆ....,3ë…„ ì „,3
133,ì´ë‹¤í°,ë¹„ì‹¸ë‹¤,1ë…„ ì „,3
134,ì‹ í˜œê²½,ë§›ìžˆì–´ìš”,11ë‹¬ ì „,3
135,MINKYUNG LEE,ì¼€ì´í¬ ë§›ìžˆì–´ìš”.,3ë…„ ì „,4
136,ì¿ ì¿ ,ì ê·¹ì¶”ì²œ,1ë…„ ì „,5
137,ì¶©ì²­í•©íšŒë…ì„œí•˜ìž,ë”¸ê¸°ìƒí¬ë¦¼ì¼€ìµ ë§›ìžˆìŠµë‹ˆë‹¤.,2ë…„ ì „,5
138,ìž¥ì¡°ë¦¼,ì¤€ìˆ˜í•œ ë§›ì˜ ì¼€ì´í¬ë“¤,3ë…„ ì „,4
139,í† ê³ ,ã…Žã…Ž,6ë‹¬ ì „,5
140,ë³€ì„±ìš´,ê°€ì„±ë¹„ê°€ ì•ˆì¢‹ìŒ,1ë…„ ì „,2
141,Dukhun KIM,ê·¸ëƒ¥ ë³„ë£¨,2ë…„ ì „,3
142,ì–‘í˜œìŠ¹,êµ¬ë¦„ë‘¥ë‘¥ ë§›ìžˆìŒ,2ë…„ ì „,4
143,yye ppp,ë¶„ìœ„ê¸° ê°‘,2ë…„ ì „,4
144,ç’±æŽ,ì¼€ìµì´ ë§›ìžˆëŠ” ì¹´íŽ˜,4ë…„ ì „,5
145,ì­ˆë‹ˆì•„ë¹ TV,ë“€ìžë¯¸(ì„œìš¸ì¹´íŽ˜íˆ¬ì–´),3ë…„ ì „,5
146,Soonyoung Kwon,ëŠ¦ê²Œê°€ë‹ˆ ì¼€ìžŒí’ˆì ˆã… ã… ,2ë…„ ì „,4
147,ì´ìŠ¹ì¤€,ê·¹ì°¬í•  ì •ë„ëŠ” ì•„ë‹Œ ì¼€ì´í¬ ê°€ê²Œ,2ë…„ ì „,4
148,Chopin LEE,ì¼€ì´í¬ ë§›ìžˆìŒ,3ë…„ ì „,4
149,ê¹€ì„±ì² ,ë§›ìžˆì–´ìš”!,3ë…„ ì „,5
150,Jong Seok Lee,ì™„ì†Œ ë””ì €íŠ¸,4ë…„ ì „,5
151,Bê²½ì§„,ìˆ˜ìš”ë¯¸ì‹íšŒ,3ë…„ ì „,4
152,Time RED,ê¹”ë”í•œ ì¸í…Œë¦¬ì–´ì— ê¹”ë”í•œ ì¼€ìžŒ,4ë…„ ì „,4
153,Jeonghu Kwack,ì¼€ìµì„ ìƒ€ëŠ”ë° ëª¨ì–‘ë„ ì˜ˆì˜ê³  í¬ë¦¼ë„ ë§›ìžˆì—ˆì§€ë§Œ ë¹µì´ ìƒê°ë³´ë‹¤ í‘¸ì„í‘¸ì„ í•´ì„œ ì•„ì‰¬ì› ì–´ìš”.,5ë…„ ì „,4
154,Hyunjung Jung,ë¹„ì‹¸ì§€ë§Œ ë§›ìžˆì–´ìš”ðŸ‘ðŸ»,4ë…„ ì „,4
155,ì´ìˆ˜ì—°,ì¼€ìžŒ ë„ˆë¬´ ë§›ìžˆìŒ. ê·¼ë° ìŒë£Œ ê°’ì´ í›„ëœëœ,7ë…„ ì „,5
156,David Stevens,"(Google ë²ˆì—­ ì œê³µ) Delish '

(ì›ë¬¸)
Delish'",2ì£¼ ì „,5
157,coco pablo,"(Google ë²ˆì—­ ì œê³µ) ì»¤í”¼, ì¸í…Œë¦¬ì–´ëŠ” ì†Œì†Œí•˜ì§€ë§Œ ë¹„ì‹¸ë‹¤.

(ì›ë¬¸)
Coffee, interior was soso, but expensive..",11ë‹¬ ì „,3
158,Amy Jang,"(Google ë²ˆì—­ ì œê³µ) ë””ì €íŠ¸ ì˜µì…˜ì´ ë§Žì€ ê·€ì—¬ìš´ ì¹´íŽ˜. ì¼€ì´í¬ëŠ” ë³´í†µ ê´œì°®ì€ í’ˆì§ˆìž…ë‹ˆë‹¤. ì–¼ìŒì´ ë‹¨ì§€ ë¬¼ (ìš°ìœ ê°€ ì•„ë‹ˆë¼) ì´ì—ˆê¸° ë•Œë¬¸ì— ë©´ë„ë˜ì—ˆë˜ ì–¼ìŒì€ ë‚˜ì—ê²Œ okì´ì—ˆë‹¤. ë‚˜ëŠ” ì¼€ì´í¬ë¥¼ ì¶”ì²œí•œë‹¤.

ë¶„ìœ„ê¸°ëŠ” ë°ê³  ê·€ì—½ë‹¤. ë§Žì€ ì‚¬ëžŒë“¤ì´ìžˆì„ ë•Œ ì‹œë„ ëŸ½ë‹¤. ì…€í”„ ì„œë¹„ìŠ¤.

(ì›ë¬¸)
Cute cafe with lots of dessert options. Cakes are usually decent quality. Shaved ice was ok to me because the ice was just water (not milk). I recommend the cakes though.

The atmosphere is bright and cute, though noisy when there are a lot of people. Self service.",1ë…„ ì „,4
159,Heeyoung Park,"(Google ë²ˆì—­ ì œê³µ) ë‚˜ëŠ” ì‹ ì‚¬ì— ê°ˆ ë•Œì´ ì¹´íŽ˜ë¥¼ ìžì£¼ ë°©ë¬¸í•©ë‹ˆë‹¤. ì¼€ì´í¬ì™€ íŒ¨ìŠ¤íŠ¸ë¦¬ê°€ ë§›ìžˆê³  ì»¤í”¼ë„ ì¢‹ìŠµë‹ˆë‹¤.

(ì›ë¬¸)
I visit this cafe often when I go to Sinsa. Cakes and pastries are tasty and coffee is also good.",1ë…„ ì „,4
160,Sarah Martin,"(Google ë²ˆì—­ ì œê³µ) í›Œë¥­í•œ ìŒë£Œì™€ ë§›ìžˆëŠ” ì¼€ì´í¬! ì¡°ê¸ˆ ë¹„ì‹¸ìš” ..

(ì›ë¬¸)
Great drinks and tasty cakes! Just a little expensive..",1ë…„ ì „,4
161,Nathan Bosen,"(Google ë²ˆì—­ ì œê³µ) ì´ê²ƒì€ ìš°ë¦¬ê°€ ë°©ë¬¸í•œ ì„œìš¸ì—ì„œ ê°€ìž¥ ì¢‹ì•„í•˜ëŠ” ì¹´íŽ˜ì˜€ìŠµë‹ˆë‹¤. ì§ì›ë“¤ì€ ì¹œì ˆí•˜ê³  íŒŒì´ëŠ” ì£½ì„ ê²ƒì´ê³  Assam ë°€í¬ í‹°ëŠ” í–¥ê¸‹í•˜ê³  ë§›ìžˆì—ˆìŠµë‹ˆë‹¤. ë¹„ì‹¸ì§€ ë§Œ ë§›ê³¼ ì•„ë¦„ë‹¤ìš´ í™˜ê²½ì„ ìœ„í•´ ê°€ì¹˜ê°€ ìžˆìŠµë‹ˆë‹¤.

(ì›ë¬¸)
This was by far my favorite cafe in Seoul that we visited. The staff is friendly, the pastries are to die for, and the Assam milk tea was fragrant and delicious. Pricey but well worth it for the taste and the beautiful environment",3ë…„ ì „,5
162,Alex Rochester,"(Google ë²ˆì—­ ì œê³µ) ë§ˆì¹´ë¡±ì€ í›Œë¥­í–ˆìŠµë‹ˆë‹¤! ìœ„ì¸µ ì‹ë‹¹ì€ ë°ê³  ë”°ëœ»í–ˆìŠµë‹ˆë‹¤. ì»¤í”¼ëŠ” ì¦ê±°ì› ë‹¤

(ì›ë¬¸)
The macaroons were wonderful! The upstairs dining area was well lit and warm. The coffee was delightful",3ë…„ ì „,5
163,Cecilia Gan Lay Ching,"(Google ë²ˆì—­ ì œê³µ) ì•„ë¦„ë‹µê³  ë§›ìžˆëŠ” ì¼€ì´í¬ì™€ ê³¼ìž

(ì›ë¬¸)
Beautiful and tasty cakes and pastry",1ë…„ ì „,4
164,hannamon,"(Google ë²ˆì—­ ì œê³µ) ë³„ë¡œ í‰íŒì„ ê°ì•ˆí•˜ë©´ ê°ëª…ì„ë°›ì§€ ëª»í–ˆìŠµë‹ˆë‹¤.
lovely í•œ ìž¥ì†Œ ê·¸ëŸ¬ë‚˜ ë¹„ì‹¼ ê°’ì„ ì¹˜ë €ë‹¤.

(ì›ë¬¸)
Not that much impressed considering the reputation.
Lovely place but overpriced.",2ë…„ ì „,3
165,Liza Tse,"(Google ë²ˆì—­ ì œê³µ) ì•„ì£¼ ë§›ìžˆì§€ ë§Œ ì•„ì£¼ ë‹¬ì½¤í•©ë‹ˆë‹¤

(ì›ë¬¸)
very delicious, yet very sweet",1ë…„ ì „,4
166,Eric Moyen,"(Google ë²ˆì—­ ì œê³µ) ì•„ë©”ë¦¬ì¹´ë…¸ 6000W, ë¬´ë§› ì•„ì´ìŠ¤í¬ë¦¼ 6500W ...

(ì›ë¬¸)
If you want to pay 6000W an americano and 6500W a no taste ice-cream ...",2ë…„ ì „,1
167,Evan Sidarto,"(Google ë²ˆì—­ ì œê³µ) ë”¸ê¸°ì™€ ì¹´ë¼ë©œ íŒë§¤ ì¼€ì´í¬ì™€ ìš°ìˆ˜í•œ í‹°ë¼ë¯¸ìˆ˜. ë‹¹ì‹ ì€ ê·¸ê²ƒì„ ì§ì ‘ ì‹œë„í•´ì•¼í•©ë‹ˆë‹¤. ê°€ë³ê³  ë‹¬ì½¤í•˜ì§€ ì•ŠìŠµë‹ˆë‹¤.

(ì›ë¬¸)
Excellent tiramisu with strawberries and caramel sale cakes. You just have to try it for yourself. It's light and not super sweet.",4ë…„ ì „,4
168,Chay,"(Google ë²ˆì—­ ì œê³µ) ë””ì €íŠ¸ëŠ” ë§¤ìš° ê°€ë³ê³  ì»¤í”¼ëŠ” í›Œë¥­í–ˆìŠµë‹ˆë‹¤. ê°€ê²©ì€ ê°€ì¹˜ê°€ ìžˆì—ˆë‹¤!

(ì›ë¬¸)
Desserts were very light and coffee was excellent. The prices were worth the quality!",3ë…„ ì „,5
169,ì†Œë¹„Kim,"(Google ë²ˆì—­ ì œê³µ) ë‚˜ì˜ì§€ ì•Šë‹¤

(ì›ë¬¸)
not bad",1ë…„ ì „,2
170,Yasuo Shibusawa,"(Google ë²ˆì—­ ì œê³µ) ì¹´ë¼ë©œ ì†Œê¸ˆ ì¼€ì´í¬ WG

(ì›ë¬¸)
ã‚­ãƒ£ãƒ©ãƒ¡ãƒ«å¡©ã‚±ãƒ¼ã‚­WG",2ë…„ ì „,3
171,á„†aná„€o,,2ë…„ ì „,4
172,youngchul koo,,6ë‹¬ ì „,5
173,yunji lee,,1ë…„ ì „,5
174,í˜„ì§€,,1ë‹¬ ì „,5
175,ê¹€ì§„ê²½,,5ë‹¬ ì „,5
176,ì§„ì„±ìš°,,2ë…„ ì „,5
177,Celina Moon,,2ë…„ ì „,3
178,Yoona Kim,,2ë…„ ì „,4
179,íƒì˜ì¤€,,1ë…„ ì „,5
180,Hyun Min koo,,9ë‹¬ ì „,3
181,ntopia,,2ë…„ ì „,5
182,PONE,,10ë‹¬ ì „,4
183,GL SEO (ê¾¸ê¾¸&ê¾¸ê¾¸),,1ë…„ ì „,5
184,minho youn,,9ë‹¬ ì „,4
185,ì´ì„ í¬,,2ë…„ ì „,4
186,ê¹€ê·œë¦¬,,1ë…„ ì „,4
187,BTW,,9ë‹¬ ì „,3
188,í™©ì¸ì›,,2ë…„ ì „,5
189,Nikki Park,,1ë…„ ì „,4
190,ê¹€ë‚˜ëž˜,,3ë…„ ì „,4
191,ê°œìž˜ìƒ,,2ë…„ ì „,5
192,Eyuna So,,1ë…„ ì „,5
193,ì†¡ìžì¸,,9ë‹¬ ì „,3
194,GSG,,2ë…„ ì „,5
195,ë°•ì˜ì„ ,,2ë…„ ì „,5
196,Donghyun Kim,,2ë…„ ì „,3
197,ê¹€ìœ ì§„,,1ë‹¬ ì „,5
198,moon Gold,,2ë…„ ì „,3
199,Synn K (QUVE),,1ë…„ ì „,4
200,ë‚˜ë¦¬ë‹ˆ,,1ë…„ ì „,5
201,ê¹€ë‚˜ì—°,,6ë‹¬ ì „,5
202,JeeYoung Kim,,1ë…„ ì „,5
203,MYEONGGEON KO,,1ë…„ ì „,3
204,Shin Kim,,1ë…„ ì „,1
205,MC S,,10ë‹¬ ì „,5
206,Brian Yoon,,1ë‹¬ ì „,3
207,yungyong Kim,,2ë…„ ì „,3
208,NALEE JIN,,1ë…„ ì „,5
209,Kyungchul Baek,,6ë‹¬ ì „,5
210,ê¹€ì§„ì£¼,,1ë…„ ì „,5
211,Hyun Ji Ryu,,3ë…„ ì „,4
212,__ì›”íƒ„,,7ë‹¬ ì „,4
213,Seulbee LEE,,3ë…„ ì „,3
214,ë¥˜ìž¬í˜„,,2ë…„ ì „,3
215,BongKyong Jin,,2ë…„ ì „,4
216,ì •ë¬¸ìˆ˜,,1ë…„ ì „,5
217,í•œì§€ì—°,,6ë‹¬ ì „,5
218,í™ì¢…íƒœ,,1ë…„ ì „,5
219,Hyunyeong Lee,,3ë…„ ì „,5
220,ì§€ê¸ˆ,,3ë…„ ì „,5
221,a th,,1ë…„ ì „,5
222,jeayoun cha,,2ë…„ ì „,3
223,æŽé›…çŽ²,,1ë…„ ì „,5
224,Sangji Lee,,5ë…„ ì „,5
225,ì‚¬ì„œí•¨,,1ë…„ ì „,4
226,ì´í˜„ì„ ,,1ë…„ ì „,5
227,í‚¨ë¼ì´,,1ë…„ ì „,3
228,Kitae Kim,,11ë‹¬ ì „,4
229,dante kim,,1ë…„ ì „,5
